<!DOCTYPE hibernate-configuration PUBLIC 
    "-//Hibernate/Hibernate Configuration DTD//EN"
    "http://hibernate.sourceforge.net/hibernate-configuration-3.0.dtd">

<hibernate-configuration>
    <session-factory>
       	<!-- Proprietes pour se connecter au serveur  HSQLD. -->
        <property name="dialect">org.hibernate.dialect.HSQLDialect</property>
        <property name="connection.driver_class">org.hsqldb.jdbcDriver</property>
        <property name="connection.url">jdbc:hsqldb:mem:dbtest</property>
        <property name="connection.username">sa</property>
        <property name="connection.password"></property>
        
        <!-- Affiche les requetes transmises. -->
        <property name="show_sql">true</property>
        <property name="format_sql">true</property>
        
        <!-- Efface et creee la structure de la base de donnees a chaque lancement. -->
        <property name="hbm2ddl.auto">create</property>
        
        <!-- Gestion de la session a l'aide d'un thread. -->
        <property name="current_session_context_class">thread</property>
		<!--
    	<mapping class="commerce.catalogue.domaine.modele.Livre"/>
    	  -->
    </session-factory>
</hibernate-configuration>
